"Kod";"Nazwa";"Rodzaje zanieczyszczeń";"Rok";"Wartosc";"Jednostka miary";"Atrybut";
0200000;"DOLNOŚLĄSKIE";"pyłowe";"2000";127652;"t/r";"";
0200000;"DOLNOŚLĄSKIE";"pyłowe";"2001";1706;"t/r";"";
0200000;"DOLNOŚLĄSKIE";"pyłowe";"2002";760;"t/r";"";
0200000;"DOLNOŚLĄSKIE";"pyłowe";"2003";203461;"t/r";"";
0200000;"DOLNOŚLĄSKIE";"pyłowe";"2004";354511;"t/r";"";
0200000;"DOLNOŚLĄSKIE";"pyłowe";"2005";1657;"t/r";"";
0200000;"DOLNOŚLĄSKIE";"pyłowe";"2006";1223;"t/r";"";
0200000;"DOLNOŚLĄSKIE";"pyłowe";"2007";74210;"t/r";"";
0200000;"DOLNOŚLĄSKIE";"pyłowe";"2008";3574;"t/r";"";
0200000;"DOLNOŚLĄSKIE";"pyłowe";"2009";0;"t/r";"";
0200000;"DOLNOŚLĄSKIE";"pyłowe";"2010";466;"t/r";"";
0200000;"DOLNOŚLĄSKIE";"pyłowe";"2011";85;"t/r";"";
0200000;"DOLNOŚLĄSKIE";"pyłowe";"2012";0;"t/r";"";
0200000;"DOLNOŚLĄSKIE";"pyłowe";"2013";11;"t/r";"";
0200000;"DOLNOŚLĄSKIE";"pyłowe";"2014";31;"t/r";"";
0200000;"DOLNOŚLĄSKIE";"pyłowe";"2015";785;"t/r";"";
0200000;"DOLNOŚLĄSKIE";"pyłowe";"2016";21;"t/r";"";
0200000;"DOLNOŚLĄSKIE";"pyłowe";"2017";1128;"t/r";"";
0200000;"DOLNOŚLĄSKIE";"pyłowe";"2018";1;"t/r";"";
0200000;"DOLNOŚLĄSKIE";"pyłowe";"2019";2640;"t/r";"";
0200000;"DOLNOŚLĄSKIE";"pyłowe";"2020";9;"t/r";"";
0200000;"DOLNOŚLĄSKIE";"pyłowe";"2021";1998;"t/r";"";
0200000;"DOLNOŚLĄSKIE";"pyłowe";"2022";864;"t/r";"";
0200000;"DOLNOŚLĄSKIE";"pyłowe";"2023";;"t/r";"n";
0200000;"DOLNOŚLĄSKIE";"gazowe";"2000";6472;"t/r";"";
0200000;"DOLNOŚLĄSKIE";"gazowe";"2001";4809;"t/r";"";
0200000;"DOLNOŚLĄSKIE";"gazowe";"2002";26;"t/r";"";
0200000;"DOLNOŚLĄSKIE";"gazowe";"2003";9896;"t/r";"";
0200000;"DOLNOŚLĄSKIE";"gazowe";"2004";7878;"t/r";"";
0200000;"DOLNOŚLĄSKIE";"gazowe";"2005";29;"t/r";"";
0200000;"DOLNOŚLĄSKIE";"gazowe";"2006";433;"t/r";"";
0200000;"DOLNOŚLĄSKIE";"gazowe";"2007";3303;"t/r";"";
0200000;"DOLNOŚLĄSKIE";"gazowe";"2008";5400;"t/r";"";
0200000;"DOLNOŚLĄSKIE";"gazowe";"2009";0;"t/r";"";
0200000;"DOLNOŚLĄSKIE";"gazowe";"2010";59;"t/r";"";
0200000;"DOLNOŚLĄSKIE";"gazowe";"2011";0;"t/r";"";
0200000;"DOLNOŚLĄSKIE";"gazowe";"2012";2;"t/r";"";
0200000;"DOLNOŚLĄSKIE";"gazowe";"2013";3345;"t/r";"";
0200000;"DOLNOŚLĄSKIE";"gazowe";"2014";2;"t/r";"";
0200000;"DOLNOŚLĄSKIE";"gazowe";"2015";770;"t/r";"";
0200000;"DOLNOŚLĄSKIE";"gazowe";"2016";16436;"t/r";"";
0200000;"DOLNOŚLĄSKIE";"gazowe";"2017";0;"t/r";"";
0200000;"DOLNOŚLĄSKIE";"gazowe";"2018";0;"t/r";"";
0200000;"DOLNOŚLĄSKIE";"gazowe";"2019";0;"t/r";"";
0200000;"DOLNOŚLĄSKIE";"gazowe";"2020";0;"t/r";"";
0200000;"DOLNOŚLĄSKIE";"gazowe";"2021";0;"t/r";"";
0200000;"DOLNOŚLĄSKIE";"gazowe";"2022";5;"t/r";"";
0200000;"DOLNOŚLĄSKIE";"gazowe";"2023";;"t/r";"n";
0400000;"KUJAWSKO-POMORSKIE";"pyłowe";"2000";1364;"t/r";"";
0400000;"KUJAWSKO-POMORSKIE";"pyłowe";"2001";2;"t/r";"";
0400000;"KUJAWSKO-POMORSKIE";"pyłowe";"2002";43;"t/r";"";
0400000;"KUJAWSKO-POMORSKIE";"pyłowe";"2003";0;"t/r";"";
0400000;"KUJAWSKO-POMORSKIE";"pyłowe";"2004";4;"t/r";"";
0400000;"KUJAWSKO-POMORSKIE";"pyłowe";"2005";18905;"t/r";"";
0400000;"KUJAWSKO-POMORSKIE";"pyłowe";"2006";371;"t/r";"";
0400000;"KUJAWSKO-POMORSKIE";"pyłowe";"2007";509;"t/r";"";
0400000;"KUJAWSKO-POMORSKIE";"pyłowe";"2008";51283;"t/r";"";
0400000;"KUJAWSKO-POMORSKIE";"pyłowe";"2009";137;"t/r";"";
0400000;"KUJAWSKO-POMORSKIE";"pyłowe";"2010";1768;"t/r";"";
0400000;"KUJAWSKO-POMORSKIE";"pyłowe";"2011";107;"t/r";"";
0400000;"KUJAWSKO-POMORSKIE";"pyłowe";"2012";252;"t/r";"";
0400000;"KUJAWSKO-POMORSKIE";"pyłowe";"2013";0;"t/r";"";
0400000;"KUJAWSKO-POMORSKIE";"pyłowe";"2014";0;"t/r";"";
0400000;"KUJAWSKO-POMORSKIE";"pyłowe";"2015";7468;"t/r";"";
0400000;"KUJAWSKO-POMORSKIE";"pyłowe";"2016";424;"t/r";"";
0400000;"KUJAWSKO-POMORSKIE";"pyłowe";"2017";0;"t/r";"";
0400000;"KUJAWSKO-POMORSKIE";"pyłowe";"2018";8;"t/r";"";
0400000;"KUJAWSKO-POMORSKIE";"pyłowe";"2019";0;"t/r";"";
0400000;"KUJAWSKO-POMORSKIE";"pyłowe";"2020";0;"t/r";"";
0400000;"KUJAWSKO-POMORSKIE";"pyłowe";"2021";0;"t/r";"";
0400000;"KUJAWSKO-POMORSKIE";"pyłowe";"2022";601;"t/r";"";
0400000;"KUJAWSKO-POMORSKIE";"pyłowe";"2023";;"t/r";"n";
0400000;"KUJAWSKO-POMORSKIE";"gazowe";"2000";343;"t/r";"";
0400000;"KUJAWSKO-POMORSKIE";"gazowe";"2001";1321;"t/r";"";
0400000;"KUJAWSKO-POMORSKIE";"gazowe";"2002";19;"t/r";"";
0400000;"KUJAWSKO-POMORSKIE";"gazowe";"2003";0;"t/r";"";
0400000;"KUJAWSKO-POMORSKIE";"gazowe";"2004";20;"t/r";"";
0400000;"KUJAWSKO-POMORSKIE";"gazowe";"2005";0;"t/r";"";
0400000;"KUJAWSKO-POMORSKIE";"gazowe";"2006";50;"t/r";"";
0400000;"KUJAWSKO-POMORSKIE";"gazowe";"2007";1959;"t/r";"";
0400000;"KUJAWSKO-POMORSKIE";"gazowe";"2008";740715;"t/r";"";
0400000;"KUJAWSKO-POMORSKIE";"gazowe";"2009";441;"t/r";"";
0400000;"KUJAWSKO-POMORSKIE";"gazowe";"2010";0;"t/r";"";
0400000;"KUJAWSKO-POMORSKIE";"gazowe";"2011";1;"t/r";"";
0400000;"KUJAWSKO-POMORSKIE";"gazowe";"2012";2821;"t/r";"";
0400000;"KUJAWSKO-POMORSKIE";"gazowe";"2013";0;"t/r";"";
0400000;"KUJAWSKO-POMORSKIE";"gazowe";"2014";0;"t/r";"";
0400000;"KUJAWSKO-POMORSKIE";"gazowe";"2015";161;"t/r";"";
0400000;"KUJAWSKO-POMORSKIE";"gazowe";"2016";0;"t/r";"";
0400000;"KUJAWSKO-POMORSKIE";"gazowe";"2017";0;"t/r";"";
0400000;"KUJAWSKO-POMORSKIE";"gazowe";"2018";540;"t/r";"";
0400000;"KUJAWSKO-POMORSKIE";"gazowe";"2019";8350;"t/r";"";
0400000;"KUJAWSKO-POMORSKIE";"gazowe";"2020";6408;"t/r";"";
0400000;"KUJAWSKO-POMORSKIE";"gazowe";"2021";0;"t/r";"";
0400000;"KUJAWSKO-POMORSKIE";"gazowe";"2022";140;"t/r";"";
0400000;"KUJAWSKO-POMORSKIE";"gazowe";"2023";;"t/r";"n";
0600000;"LUBELSKIE";"pyłowe";"2000";528;"t/r";"";
0600000;"LUBELSKIE";"pyłowe";"2001";78;"t/r";"";
0600000;"LUBELSKIE";"pyłowe";"2002";37;"t/r";"";
0600000;"LUBELSKIE";"pyłowe";"2003";263;"t/r";"";
0600000;"LUBELSKIE";"pyłowe";"2004";787;"t/r";"";
0600000;"LUBELSKIE";"pyłowe";"2005";335;"t/r";"";
0600000;"LUBELSKIE";"pyłowe";"2006";277;"t/r";"";
0600000;"LUBELSKIE";"pyłowe";"2007";400;"t/r";"";
0600000;"LUBELSKIE";"pyłowe";"2008";998;"t/r";"";
0600000;"LUBELSKIE";"pyłowe";"2009";2455;"t/r";"";
0600000;"LUBELSKIE";"pyłowe";"2010";13;"t/r";"";
0600000;"LUBELSKIE";"pyłowe";"2011";10;"t/r";"";
0600000;"LUBELSKIE";"pyłowe";"2012";0;"t/r";"";
0600000;"LUBELSKIE";"pyłowe";"2013";12854;"t/r";"";
0600000;"LUBELSKIE";"pyłowe";"2014";9831;"t/r";"";
0600000;"LUBELSKIE";"pyłowe";"2015";1115;"t/r";"";
0600000;"LUBELSKIE";"pyłowe";"2016";95;"t/r";"";
0600000;"LUBELSKIE";"pyłowe";"2017";137;"t/r";"";
0600000;"LUBELSKIE";"pyłowe";"2018";0;"t/r";"";
0600000;"LUBELSKIE";"pyłowe";"2019";45;"t/r";"";
0600000;"LUBELSKIE";"pyłowe";"2020";2;"t/r";"";
0600000;"LUBELSKIE";"pyłowe";"2021";1;"t/r";"";
0600000;"LUBELSKIE";"pyłowe";"2022";11;"t/r";"";
0600000;"LUBELSKIE";"pyłowe";"2023";;"t/r";"n";
0600000;"LUBELSKIE";"gazowe";"2000";311;"t/r";"";
0600000;"LUBELSKIE";"gazowe";"2001";1207;"t/r";"";
0600000;"LUBELSKIE";"gazowe";"2002";1230;"t/r";"";
0600000;"LUBELSKIE";"gazowe";"2003";240;"t/r";"";
0600000;"LUBELSKIE";"gazowe";"2004";8;"t/r";"";
0600000;"LUBELSKIE";"gazowe";"2005";0;"t/r";"";
0600000;"LUBELSKIE";"gazowe";"2006";10;"t/r";"";
0600000;"LUBELSKIE";"gazowe";"2007";0;"t/r";"";
0600000;"LUBELSKIE";"gazowe";"2008";378;"t/r";"";
0600000;"LUBELSKIE";"gazowe";"2009";0;"t/r";"";
0600000;"LUBELSKIE";"gazowe";"2010";0;"t/r";"";
0600000;"LUBELSKIE";"gazowe";"2011";0;"t/r";"";
0600000;"LUBELSKIE";"gazowe";"2012";86;"t/r";"";
0600000;"LUBELSKIE";"gazowe";"2013";4659;"t/r";"";
0600000;"LUBELSKIE";"gazowe";"2014";248;"t/r";"";
0600000;"LUBELSKIE";"gazowe";"2015";1305;"t/r";"";
0600000;"LUBELSKIE";"gazowe";"2016";892;"t/r";"";
0600000;"LUBELSKIE";"gazowe";"2017";0;"t/r";"";
0600000;"LUBELSKIE";"gazowe";"2018";0;"t/r";"";
0600000;"LUBELSKIE";"gazowe";"2019";0;"t/r";"";
0600000;"LUBELSKIE";"gazowe";"2020";0;"t/r";"";
0600000;"LUBELSKIE";"gazowe";"2021";0;"t/r";"";
0600000;"LUBELSKIE";"gazowe";"2022";8;"t/r";"";
0600000;"LUBELSKIE";"gazowe";"2023";;"t/r";"n";
0800000;"LUBUSKIE";"pyłowe";"2000";2642;"t/r";"";
0800000;"LUBUSKIE";"pyłowe";"2001";19144;"t/r";"";
0800000;"LUBUSKIE";"pyłowe";"2002";0;"t/r";"";
0800000;"LUBUSKIE";"pyłowe";"2003";0;"t/r";"";
0800000;"LUBUSKIE";"pyłowe";"2004";140;"t/r";"";
0800000;"LUBUSKIE";"pyłowe";"2005";14059;"t/r";"";
0800000;"LUBUSKIE";"pyłowe";"2006";10571;"t/r";"";
0800000;"LUBUSKIE";"pyłowe";"2007";8969;"t/r";"";
0800000;"LUBUSKIE";"pyłowe";"2008";400;"t/r";"";
0800000;"LUBUSKIE";"pyłowe";"2009";150;"t/r";"";
0800000;"LUBUSKIE";"pyłowe";"2010";506;"t/r";"";
0800000;"LUBUSKIE";"pyłowe";"2011";0;"t/r";"";
0800000;"LUBUSKIE";"pyłowe";"2012";0;"t/r";"";
0800000;"LUBUSKIE";"pyłowe";"2013";79;"t/r";"";
0800000;"LUBUSKIE";"pyłowe";"2014";130;"t/r";"";
0800000;"LUBUSKIE";"pyłowe";"2015";305;"t/r";"";
0800000;"LUBUSKIE";"pyłowe";"2016";390;"t/r";"";
0800000;"LUBUSKIE";"pyłowe";"2017";32;"t/r";"";
0800000;"LUBUSKIE";"pyłowe";"2018";0;"t/r";"";
0800000;"LUBUSKIE";"pyłowe";"2019";107;"t/r";"";
0800000;"LUBUSKIE";"pyłowe";"2020";18;"t/r";"";
0800000;"LUBUSKIE";"pyłowe";"2021";0;"t/r";"";
0800000;"LUBUSKIE";"pyłowe";"2022";26;"t/r";"";
0800000;"LUBUSKIE";"pyłowe";"2023";;"t/r";"n";
0800000;"LUBUSKIE";"gazowe";"2000";2102;"t/r";"";
0800000;"LUBUSKIE";"gazowe";"2001";2267;"t/r";"";
0800000;"LUBUSKIE";"gazowe";"2002";372;"t/r";"";
0800000;"LUBUSKIE";"gazowe";"2003";0;"t/r";"";
0800000;"LUBUSKIE";"gazowe";"2004";5;"t/r";"";
0800000;"LUBUSKIE";"gazowe";"2005";0;"t/r";"";
0800000;"LUBUSKIE";"gazowe";"2006";0;"t/r";"";
0800000;"LUBUSKIE";"gazowe";"2007";0;"t/r";"";
0800000;"LUBUSKIE";"gazowe";"2008";54;"t/r";"";
0800000;"LUBUSKIE";"gazowe";"2009";0;"t/r";"";
0800000;"LUBUSKIE";"gazowe";"2010";344;"t/r";"";
0800000;"LUBUSKIE";"gazowe";"2011";0;"t/r";"";
0800000;"LUBUSKIE";"gazowe";"2012";0;"t/r";"";
0800000;"LUBUSKIE";"gazowe";"2013";0;"t/r";"";
0800000;"LUBUSKIE";"gazowe";"2014";0;"t/r";"";
0800000;"LUBUSKIE";"gazowe";"2015";0;"t/r";"";
0800000;"LUBUSKIE";"gazowe";"2016";7370;"t/r";"";
0800000;"LUBUSKIE";"gazowe";"2017";0;"t/r";"";
0800000;"LUBUSKIE";"gazowe";"2018";50;"t/r";"";
0800000;"LUBUSKIE";"gazowe";"2019";20;"t/r";"";
0800000;"LUBUSKIE";"gazowe";"2020";11;"t/r";"";
0800000;"LUBUSKIE";"gazowe";"2021";0;"t/r";"";
0800000;"LUBUSKIE";"gazowe";"2022";18;"t/r";"";
0800000;"LUBUSKIE";"gazowe";"2023";;"t/r";"n";
1000000;"ŁÓDZKIE";"pyłowe";"2000";886;"t/r";"";
1000000;"ŁÓDZKIE";"pyłowe";"2001";191;"t/r";"";
1000000;"ŁÓDZKIE";"pyłowe";"2002";9;"t/r";"";
1000000;"ŁÓDZKIE";"pyłowe";"2003";1077;"t/r";"";
1000000;"ŁÓDZKIE";"pyłowe";"2004";6293;"t/r";"";
1000000;"ŁÓDZKIE";"pyłowe";"2005";6267;"t/r";"";
1000000;"ŁÓDZKIE";"pyłowe";"2006";283;"t/r";"";
1000000;"ŁÓDZKIE";"pyłowe";"2007";28715;"t/r";"";
1000000;"ŁÓDZKIE";"pyłowe";"2008";5218;"t/r";"";
1000000;"ŁÓDZKIE";"pyłowe";"2009";444;"t/r";"";
1000000;"ŁÓDZKIE";"pyłowe";"2010";0;"t/r";"";
1000000;"ŁÓDZKIE";"pyłowe";"2011";23;"t/r";"";
1000000;"ŁÓDZKIE";"pyłowe";"2012";36;"t/r";"";
1000000;"ŁÓDZKIE";"pyłowe";"2013";1;"t/r";"";
1000000;"ŁÓDZKIE";"pyłowe";"2014";2624;"t/r";"";
1000000;"ŁÓDZKIE";"pyłowe";"2015";520;"t/r";"";
1000000;"ŁÓDZKIE";"pyłowe";"2016";154;"t/r";"";
1000000;"ŁÓDZKIE";"pyłowe";"2017";0;"t/r";"";
1000000;"ŁÓDZKIE";"pyłowe";"2018";0;"t/r";"";
1000000;"ŁÓDZKIE";"pyłowe";"2019";5;"t/r";"";
1000000;"ŁÓDZKIE";"pyłowe";"2020";0;"t/r";"";
1000000;"ŁÓDZKIE";"pyłowe";"2021";0;"t/r";"";
1000000;"ŁÓDZKIE";"pyłowe";"2022";0;"t/r";"";
1000000;"ŁÓDZKIE";"pyłowe";"2023";;"t/r";"n";
1000000;"ŁÓDZKIE";"gazowe";"2000";66326;"t/r";"";
1000000;"ŁÓDZKIE";"gazowe";"2001";6011;"t/r";"";
1000000;"ŁÓDZKIE";"gazowe";"2002";21;"t/r";"";
1000000;"ŁÓDZKIE";"gazowe";"2003";28419;"t/r";"";
1000000;"ŁÓDZKIE";"gazowe";"2004";1988;"t/r";"";
1000000;"ŁÓDZKIE";"gazowe";"2005";12;"t/r";"";
1000000;"ŁÓDZKIE";"gazowe";"2006";1244;"t/r";"";
1000000;"ŁÓDZKIE";"gazowe";"2007";7245;"t/r";"";
1000000;"ŁÓDZKIE";"gazowe";"2008";6108;"t/r";"";
1000000;"ŁÓDZKIE";"gazowe";"2009";517;"t/r";"";
1000000;"ŁÓDZKIE";"gazowe";"2010";0;"t/r";"";
1000000;"ŁÓDZKIE";"gazowe";"2011";29998;"t/r";"";
1000000;"ŁÓDZKIE";"gazowe";"2012";0;"t/r";"";
1000000;"ŁÓDZKIE";"gazowe";"2013";6790;"t/r";"";
1000000;"ŁÓDZKIE";"gazowe";"2014";2275;"t/r";"";
1000000;"ŁÓDZKIE";"gazowe";"2015";6987;"t/r";"";
1000000;"ŁÓDZKIE";"gazowe";"2016";51133;"t/r";"";
1000000;"ŁÓDZKIE";"gazowe";"2017";0;"t/r";"";
1000000;"ŁÓDZKIE";"gazowe";"2018";0;"t/r";"";
1000000;"ŁÓDZKIE";"gazowe";"2019";0;"t/r";"";
1000000;"ŁÓDZKIE";"gazowe";"2020";0;"t/r";"";
1000000;"ŁÓDZKIE";"gazowe";"2021";0;"t/r";"";
1000000;"ŁÓDZKIE";"gazowe";"2022";0;"t/r";"";
1000000;"ŁÓDZKIE";"gazowe";"2023";;"t/r";"n";
1200000;"MAŁOPOLSKIE";"pyłowe";"2000";1017;"t/r";"";
1200000;"MAŁOPOLSKIE";"pyłowe";"2001";353;"t/r";"";
1200000;"MAŁOPOLSKIE";"pyłowe";"2002";387;"t/r";"";
1200000;"MAŁOPOLSKIE";"pyłowe";"2003";1361;"t/r";"";
1200000;"MAŁOPOLSKIE";"pyłowe";"2004";177629;"t/r";"";
1200000;"MAŁOPOLSKIE";"pyłowe";"2005";177979;"t/r";"";
1200000;"MAŁOPOLSKIE";"pyłowe";"2006";177456;"t/r";"";
1200000;"MAŁOPOLSKIE";"pyłowe";"2007";30108;"t/r";"";
1200000;"MAŁOPOLSKIE";"pyłowe";"2008";705;"t/r";"";
1200000;"MAŁOPOLSKIE";"pyłowe";"2009";597;"t/r";"";
1200000;"MAŁOPOLSKIE";"pyłowe";"2010";397;"t/r";"";
1200000;"MAŁOPOLSKIE";"pyłowe";"2011";100;"t/r";"";
1200000;"MAŁOPOLSKIE";"pyłowe";"2012";0;"t/r";"";
1200000;"MAŁOPOLSKIE";"pyłowe";"2013";199;"t/r";"";
1200000;"MAŁOPOLSKIE";"pyłowe";"2014";452;"t/r";"";
1200000;"MAŁOPOLSKIE";"pyłowe";"2015";1633;"t/r";"";
1200000;"MAŁOPOLSKIE";"pyłowe";"2016";305;"t/r";"";
1200000;"MAŁOPOLSKIE";"pyłowe";"2017";17770;"t/r";"";
1200000;"MAŁOPOLSKIE";"pyłowe";"2018";1185;"t/r";"";
1200000;"MAŁOPOLSKIE";"pyłowe";"2019";159;"t/r";"";
1200000;"MAŁOPOLSKIE";"pyłowe";"2020";595;"t/r";"";
1200000;"MAŁOPOLSKIE";"pyłowe";"2021";4;"t/r";"";
1200000;"MAŁOPOLSKIE";"pyłowe";"2022";269;"t/r";"";
1200000;"MAŁOPOLSKIE";"pyłowe";"2023";;"t/r";"n";
1200000;"MAŁOPOLSKIE";"gazowe";"2000";1326;"t/r";"";
1200000;"MAŁOPOLSKIE";"gazowe";"2001";1805;"t/r";"";
1200000;"MAŁOPOLSKIE";"gazowe";"2002";221;"t/r";"";
1200000;"MAŁOPOLSKIE";"gazowe";"2003";223;"t/r";"";
1200000;"MAŁOPOLSKIE";"gazowe";"2004";1944;"t/r";"";
1200000;"MAŁOPOLSKIE";"gazowe";"2005";0;"t/r";"";
1200000;"MAŁOPOLSKIE";"gazowe";"2006";16;"t/r";"";
1200000;"MAŁOPOLSKIE";"gazowe";"2007";2074;"t/r";"";
1200000;"MAŁOPOLSKIE";"gazowe";"2008";15648;"t/r";"";
1200000;"MAŁOPOLSKIE";"gazowe";"2009";73;"t/r";"";
1200000;"MAŁOPOLSKIE";"gazowe";"2010";0;"t/r";"";
1200000;"MAŁOPOLSKIE";"gazowe";"2011";0;"t/r";"";
1200000;"MAŁOPOLSKIE";"gazowe";"2012";1273;"t/r";"";
1200000;"MAŁOPOLSKIE";"gazowe";"2013";1531;"t/r";"";
1200000;"MAŁOPOLSKIE";"gazowe";"2014";116;"t/r";"";
1200000;"MAŁOPOLSKIE";"gazowe";"2015";553;"t/r";"";
1200000;"MAŁOPOLSKIE";"gazowe";"2016";9631;"t/r";"";
1200000;"MAŁOPOLSKIE";"gazowe";"2017";699;"t/r";"";
1200000;"MAŁOPOLSKIE";"gazowe";"2018";26497;"t/r";"";
1200000;"MAŁOPOLSKIE";"gazowe";"2019";148;"t/r";"";
1200000;"MAŁOPOLSKIE";"gazowe";"2020";1389;"t/r";"";
1200000;"MAŁOPOLSKIE";"gazowe";"2021";0;"t/r";"";
1200000;"MAŁOPOLSKIE";"gazowe";"2022";1908;"t/r";"";
1200000;"MAŁOPOLSKIE";"gazowe";"2023";;"t/r";"n";
1400000;"MAZOWIECKIE";"pyłowe";"2000";1041;"t/r";"";
1400000;"MAZOWIECKIE";"pyłowe";"2001";883;"t/r";"";
1400000;"MAZOWIECKIE";"pyłowe";"2002";348;"t/r";"";
1400000;"MAZOWIECKIE";"pyłowe";"2003";81;"t/r";"";
1400000;"MAZOWIECKIE";"pyłowe";"2004";397;"t/r";"";
1400000;"MAZOWIECKIE";"pyłowe";"2005";134;"t/r";"";
1400000;"MAZOWIECKIE";"pyłowe";"2006";475;"t/r";"";
1400000;"MAZOWIECKIE";"pyłowe";"2007";576;"t/r";"";
1400000;"MAZOWIECKIE";"pyłowe";"2008";1524;"t/r";"";
1400000;"MAZOWIECKIE";"pyłowe";"2009";4443;"t/r";"";
1400000;"MAZOWIECKIE";"pyłowe";"2010";30;"t/r";"";
1400000;"MAZOWIECKIE";"pyłowe";"2011";279;"t/r";"";
1400000;"MAZOWIECKIE";"pyłowe";"2012";830;"t/r";"";
1400000;"MAZOWIECKIE";"pyłowe";"2013";1014;"t/r";"";
1400000;"MAZOWIECKIE";"pyłowe";"2014";68;"t/r";"";
1400000;"MAZOWIECKIE";"pyłowe";"2015";2276;"t/r";"";
1400000;"MAZOWIECKIE";"pyłowe";"2016";1020;"t/r";"";
1400000;"MAZOWIECKIE";"pyłowe";"2017";10;"t/r";"";
1400000;"MAZOWIECKIE";"pyłowe";"2018";492;"t/r";"";
1400000;"MAZOWIECKIE";"pyłowe";"2019";2986;"t/r";"";
1400000;"MAZOWIECKIE";"pyłowe";"2020";1;"t/r";"";
1400000;"MAZOWIECKIE";"pyłowe";"2021";0;"t/r";"";
1400000;"MAZOWIECKIE";"pyłowe";"2022";0;"t/r";"";
1400000;"MAZOWIECKIE";"pyłowe";"2023";;"t/r";"n";
1400000;"MAZOWIECKIE";"gazowe";"2000";1762;"t/r";"";
1400000;"MAZOWIECKIE";"gazowe";"2001";4944;"t/r";"";
1400000;"MAZOWIECKIE";"gazowe";"2002";1418;"t/r";"";
1400000;"MAZOWIECKIE";"gazowe";"2003";10;"t/r";"";
1400000;"MAZOWIECKIE";"gazowe";"2004";1485;"t/r";"";
1400000;"MAZOWIECKIE";"gazowe";"2005";0;"t/r";"";
1400000;"MAZOWIECKIE";"gazowe";"2006";0;"t/r";"";
1400000;"MAZOWIECKIE";"gazowe";"2007";21261;"t/r";"";
1400000;"MAZOWIECKIE";"gazowe";"2008";453;"t/r";"";
1400000;"MAZOWIECKIE";"gazowe";"2009";20000;"t/r";"";
1400000;"MAZOWIECKIE";"gazowe";"2010";704;"t/r";"";
1400000;"MAZOWIECKIE";"gazowe";"2011";125120;"t/r";"";
1400000;"MAZOWIECKIE";"gazowe";"2012";9827;"t/r";"";
1400000;"MAZOWIECKIE";"gazowe";"2013";20993;"t/r";"";
1400000;"MAZOWIECKIE";"gazowe";"2014";796;"t/r";"";
1400000;"MAZOWIECKIE";"gazowe";"2015";62714;"t/r";"";
1400000;"MAZOWIECKIE";"gazowe";"2016";5621;"t/r";"";
1400000;"MAZOWIECKIE";"gazowe";"2017";1502;"t/r";"";
1400000;"MAZOWIECKIE";"gazowe";"2018";17753;"t/r";"";
1400000;"MAZOWIECKIE";"gazowe";"2019";14173;"t/r";"";
1400000;"MAZOWIECKIE";"gazowe";"2020";451;"t/r";"";
1400000;"MAZOWIECKIE";"gazowe";"2021";23432;"t/r";"";
1400000;"MAZOWIECKIE";"gazowe";"2022";215330;"t/r";"";
1400000;"MAZOWIECKIE";"gazowe";"2023";;"t/r";"n";
1600000;"OPOLSKIE";"pyłowe";"2000";137;"t/r";"";
1600000;"OPOLSKIE";"pyłowe";"2001";2087;"t/r";"";
1600000;"OPOLSKIE";"pyłowe";"2002";0;"t/r";"";
1600000;"OPOLSKIE";"pyłowe";"2003";88;"t/r";"";
1600000;"OPOLSKIE";"pyłowe";"2004";79;"t/r";"";
1600000;"OPOLSKIE";"pyłowe";"2005";658;"t/r";"";
1600000;"OPOLSKIE";"pyłowe";"2006";622;"t/r";"";
1600000;"OPOLSKIE";"pyłowe";"2007";26;"t/r";"";
1600000;"OPOLSKIE";"pyłowe";"2008";2175;"t/r";"";
1600000;"OPOLSKIE";"pyłowe";"2009";16;"t/r";"";
1600000;"OPOLSKIE";"pyłowe";"2010";725;"t/r";"";
1600000;"OPOLSKIE";"pyłowe";"2011";70105;"t/r";"";
1600000;"OPOLSKIE";"pyłowe";"2012";158495;"t/r";"";
1600000;"OPOLSKIE";"pyłowe";"2013";792;"t/r";"";
1600000;"OPOLSKIE";"pyłowe";"2014";105;"t/r";"";
1600000;"OPOLSKIE";"pyłowe";"2015";418;"t/r";"";
1600000;"OPOLSKIE";"pyłowe";"2016";1098;"t/r";"";
1600000;"OPOLSKIE";"pyłowe";"2017";0;"t/r";"";
1600000;"OPOLSKIE";"pyłowe";"2018";319;"t/r";"";
1600000;"OPOLSKIE";"pyłowe";"2019";110;"t/r";"";
1600000;"OPOLSKIE";"pyłowe";"2020";400;"t/r";"";
1600000;"OPOLSKIE";"pyłowe";"2021";0;"t/r";"";
1600000;"OPOLSKIE";"pyłowe";"2022";0;"t/r";"";
1600000;"OPOLSKIE";"pyłowe";"2023";;"t/r";"n";
1600000;"OPOLSKIE";"gazowe";"2000";8368;"t/r";"";
1600000;"OPOLSKIE";"gazowe";"2001";1424;"t/r";"";
1600000;"OPOLSKIE";"gazowe";"2002";0;"t/r";"";
1600000;"OPOLSKIE";"gazowe";"2003";0;"t/r";"";
1600000;"OPOLSKIE";"gazowe";"2004";5000;"t/r";"";
1600000;"OPOLSKIE";"gazowe";"2005";1036;"t/r";"";
1600000;"OPOLSKIE";"gazowe";"2006";0;"t/r";"";
1600000;"OPOLSKIE";"gazowe";"2007";463;"t/r";"";
1600000;"OPOLSKIE";"gazowe";"2008";0;"t/r";"";
1600000;"OPOLSKIE";"gazowe";"2009";0;"t/r";"";
1600000;"OPOLSKIE";"gazowe";"2010";15435;"t/r";"";
1600000;"OPOLSKIE";"gazowe";"2011";0;"t/r";"";
1600000;"OPOLSKIE";"gazowe";"2012";0;"t/r";"";
1600000;"OPOLSKIE";"gazowe";"2013";129600;"t/r";"";
1600000;"OPOLSKIE";"gazowe";"2014";9215;"t/r";"";
1600000;"OPOLSKIE";"gazowe";"2015";1600;"t/r";"";
1600000;"OPOLSKIE";"gazowe";"2016";1600;"t/r";"";
1600000;"OPOLSKIE";"gazowe";"2017";95;"t/r";"";
1600000;"OPOLSKIE";"gazowe";"2018";492;"t/r";"";
1600000;"OPOLSKIE";"gazowe";"2019";0;"t/r";"";
1600000;"OPOLSKIE";"gazowe";"2020";10081;"t/r";"";
1600000;"OPOLSKIE";"gazowe";"2021";0;"t/r";"";
1600000;"OPOLSKIE";"gazowe";"2022";842;"t/r";"";
1600000;"OPOLSKIE";"gazowe";"2023";;"t/r";"n";
1800000;"PODKARPACKIE";"pyłowe";"2000";837;"t/r";"";
1800000;"PODKARPACKIE";"pyłowe";"2001";381;"t/r";"";
1800000;"PODKARPACKIE";"pyłowe";"2002";556;"t/r";"";
1800000;"PODKARPACKIE";"pyłowe";"2003";20;"t/r";"";
1800000;"PODKARPACKIE";"pyłowe";"2004";4;"t/r";"";
1800000;"PODKARPACKIE";"pyłowe";"2005";2;"t/r";"";
1800000;"PODKARPACKIE";"pyłowe";"2006";3;"t/r";"";
1800000;"PODKARPACKIE";"pyłowe";"2007";1228;"t/r";"";
1800000;"PODKARPACKIE";"pyłowe";"2008";53;"t/r";"";
1800000;"PODKARPACKIE";"pyłowe";"2009";39;"t/r";"";
1800000;"PODKARPACKIE";"pyłowe";"2010";0;"t/r";"";
1800000;"PODKARPACKIE";"pyłowe";"2011";0;"t/r";"";
1800000;"PODKARPACKIE";"pyłowe";"2012";0;"t/r";"";
1800000;"PODKARPACKIE";"pyłowe";"2013";66;"t/r";"";
1800000;"PODKARPACKIE";"pyłowe";"2014";5465;"t/r";"";
1800000;"PODKARPACKIE";"pyłowe";"2015";24;"t/r";"";
1800000;"PODKARPACKIE";"pyłowe";"2016";63;"t/r";"";
1800000;"PODKARPACKIE";"pyłowe";"2017";351;"t/r";"";
1800000;"PODKARPACKIE";"pyłowe";"2018";72;"t/r";"";
1800000;"PODKARPACKIE";"pyłowe";"2019";903;"t/r";"";
1800000;"PODKARPACKIE";"pyłowe";"2020";1;"t/r";"";
1800000;"PODKARPACKIE";"pyłowe";"2021";207;"t/r";"";
1800000;"PODKARPACKIE";"pyłowe";"2022";8;"t/r";"";
1800000;"PODKARPACKIE";"pyłowe";"2023";;"t/r";"n";
1800000;"PODKARPACKIE";"gazowe";"2000";465;"t/r";"";
1800000;"PODKARPACKIE";"gazowe";"2001";16;"t/r";"";
1800000;"PODKARPACKIE";"gazowe";"2002";5115;"t/r";"";
1800000;"PODKARPACKIE";"gazowe";"2003";0;"t/r";"";
1800000;"PODKARPACKIE";"gazowe";"2004";865;"t/r";"";
1800000;"PODKARPACKIE";"gazowe";"2005";32;"t/r";"";
1800000;"PODKARPACKIE";"gazowe";"2006";58;"t/r";"";
1800000;"PODKARPACKIE";"gazowe";"2007";425;"t/r";"";
1800000;"PODKARPACKIE";"gazowe";"2008";105;"t/r";"";
1800000;"PODKARPACKIE";"gazowe";"2009";2878;"t/r";"";
1800000;"PODKARPACKIE";"gazowe";"2010";56;"t/r";"";
1800000;"PODKARPACKIE";"gazowe";"2011";0;"t/r";"";
1800000;"PODKARPACKIE";"gazowe";"2012";5;"t/r";"";
1800000;"PODKARPACKIE";"gazowe";"2013";2;"t/r";"";
1800000;"PODKARPACKIE";"gazowe";"2014";0;"t/r";"";
1800000;"PODKARPACKIE";"gazowe";"2015";130;"t/r";"";
1800000;"PODKARPACKIE";"gazowe";"2016";4;"t/r";"";
1800000;"PODKARPACKIE";"gazowe";"2017";2;"t/r";"";
1800000;"PODKARPACKIE";"gazowe";"2018";7;"t/r";"";
1800000;"PODKARPACKIE";"gazowe";"2019";475;"t/r";"";
1800000;"PODKARPACKIE";"gazowe";"2020";1951;"t/r";"";
1800000;"PODKARPACKIE";"gazowe";"2021";10;"t/r";"";
1800000;"PODKARPACKIE";"gazowe";"2022";0;"t/r";"";
1800000;"PODKARPACKIE";"gazowe";"2023";;"t/r";"n";
2000000;"PODLASKIE";"pyłowe";"2000";408;"t/r";"";
2000000;"PODLASKIE";"pyłowe";"2001";1736;"t/r";"";
2000000;"PODLASKIE";"pyłowe";"2002";289;"t/r";"";
2000000;"PODLASKIE";"pyłowe";"2003";241;"t/r";"";
2000000;"PODLASKIE";"pyłowe";"2004";170;"t/r";"";
2000000;"PODLASKIE";"pyłowe";"2005";16200;"t/r";"";
2000000;"PODLASKIE";"pyłowe";"2006";13685;"t/r";"";
2000000;"PODLASKIE";"pyłowe";"2007";96;"t/r";"";
2000000;"PODLASKIE";"pyłowe";"2008";37;"t/r";"";
2000000;"PODLASKIE";"pyłowe";"2009";0;"t/r";"";
2000000;"PODLASKIE";"pyłowe";"2010";0;"t/r";"";
2000000;"PODLASKIE";"pyłowe";"2011";0;"t/r";"";
2000000;"PODLASKIE";"pyłowe";"2012";0;"t/r";"";
2000000;"PODLASKIE";"pyłowe";"2013";0;"t/r";"";
2000000;"PODLASKIE";"pyłowe";"2014";0;"t/r";"";
2000000;"PODLASKIE";"pyłowe";"2015";44;"t/r";"";
2000000;"PODLASKIE";"pyłowe";"2016";0;"t/r";"";
2000000;"PODLASKIE";"pyłowe";"2017";0;"t/r";"";
2000000;"PODLASKIE";"pyłowe";"2018";0;"t/r";"";
2000000;"PODLASKIE";"pyłowe";"2019";61502;"t/r";"";
2000000;"PODLASKIE";"pyłowe";"2020";0;"t/r";"";
2000000;"PODLASKIE";"pyłowe";"2021";0;"t/r";"";
2000000;"PODLASKIE";"pyłowe";"2022";498;"t/r";"";
2000000;"PODLASKIE";"pyłowe";"2023";;"t/r";"n";
2000000;"PODLASKIE";"gazowe";"2000";285;"t/r";"";
2000000;"PODLASKIE";"gazowe";"2001";8;"t/r";"";
2000000;"PODLASKIE";"gazowe";"2002";90;"t/r";"";
2000000;"PODLASKIE";"gazowe";"2003";0;"t/r";"";
2000000;"PODLASKIE";"gazowe";"2004";0;"t/r";"";
2000000;"PODLASKIE";"gazowe";"2005";0;"t/r";"";
2000000;"PODLASKIE";"gazowe";"2006";0;"t/r";"";
2000000;"PODLASKIE";"gazowe";"2007";3;"t/r";"";
2000000;"PODLASKIE";"gazowe";"2008";117;"t/r";"";
2000000;"PODLASKIE";"gazowe";"2009";0;"t/r";"";
2000000;"PODLASKIE";"gazowe";"2010";0;"t/r";"";
2000000;"PODLASKIE";"gazowe";"2011";0;"t/r";"";
2000000;"PODLASKIE";"gazowe";"2012";0;"t/r";"";
2000000;"PODLASKIE";"gazowe";"2013";0;"t/r";"";
2000000;"PODLASKIE";"gazowe";"2014";0;"t/r";"";
2000000;"PODLASKIE";"gazowe";"2015";0;"t/r";"";
2000000;"PODLASKIE";"gazowe";"2016";0;"t/r";"";
2000000;"PODLASKIE";"gazowe";"2017";0;"t/r";"";
2000000;"PODLASKIE";"gazowe";"2018";0;"t/r";"";
2000000;"PODLASKIE";"gazowe";"2019";387;"t/r";"";
2000000;"PODLASKIE";"gazowe";"2020";92;"t/r";"";
2000000;"PODLASKIE";"gazowe";"2021";0;"t/r";"";
2000000;"PODLASKIE";"gazowe";"2022";0;"t/r";"";
2000000;"PODLASKIE";"gazowe";"2023";;"t/r";"n";
2200000;"POMORSKIE";"pyłowe";"2000";213;"t/r";"";
2200000;"POMORSKIE";"pyłowe";"2001";414;"t/r";"";
2200000;"POMORSKIE";"pyłowe";"2002";324;"t/r";"";
2200000;"POMORSKIE";"pyłowe";"2003";9;"t/r";"";
2200000;"POMORSKIE";"pyłowe";"2004";76;"t/r";"";
2200000;"POMORSKIE";"pyłowe";"2005";419;"t/r";"";
2200000;"POMORSKIE";"pyłowe";"2006";1239;"t/r";"";
2200000;"POMORSKIE";"pyłowe";"2007";163;"t/r";"";
2200000;"POMORSKIE";"pyłowe";"2008";485;"t/r";"";
2200000;"POMORSKIE";"pyłowe";"2009";0;"t/r";"";
2200000;"POMORSKIE";"pyłowe";"2010";72;"t/r";"";
2200000;"POMORSKIE";"pyłowe";"2011";850;"t/r";"";
2200000;"POMORSKIE";"pyłowe";"2012";129;"t/r";"";
2200000;"POMORSKIE";"pyłowe";"2013";9;"t/r";"";
2200000;"POMORSKIE";"pyłowe";"2014";719;"t/r";"";
2200000;"POMORSKIE";"pyłowe";"2015";13238;"t/r";"";
2200000;"POMORSKIE";"pyłowe";"2016";226;"t/r";"";
2200000;"POMORSKIE";"pyłowe";"2017";4002;"t/r";"";
2200000;"POMORSKIE";"pyłowe";"2018";2;"t/r";"";
2200000;"POMORSKIE";"pyłowe";"2019";510;"t/r";"";
2200000;"POMORSKIE";"pyłowe";"2020";2;"t/r";"";
2200000;"POMORSKIE";"pyłowe";"2021";1;"t/r";"";
2200000;"POMORSKIE";"pyłowe";"2022";0;"t/r";"";
2200000;"POMORSKIE";"pyłowe";"2023";;"t/r";"n";
2200000;"POMORSKIE";"gazowe";"2000";35218;"t/r";"";
2200000;"POMORSKIE";"gazowe";"2001";2939;"t/r";"";
2200000;"POMORSKIE";"gazowe";"2002";6;"t/r";"";
2200000;"POMORSKIE";"gazowe";"2003";10;"t/r";"";
2200000;"POMORSKIE";"gazowe";"2004";316;"t/r";"";
2200000;"POMORSKIE";"gazowe";"2005";400;"t/r";"";
2200000;"POMORSKIE";"gazowe";"2006";0;"t/r";"";
2200000;"POMORSKIE";"gazowe";"2007";394;"t/r";"";
2200000;"POMORSKIE";"gazowe";"2008";10;"t/r";"";
2200000;"POMORSKIE";"gazowe";"2009";0;"t/r";"";
2200000;"POMORSKIE";"gazowe";"2010";0;"t/r";"";
2200000;"POMORSKIE";"gazowe";"2011";2628;"t/r";"";
2200000;"POMORSKIE";"gazowe";"2012";8;"t/r";"";
2200000;"POMORSKIE";"gazowe";"2013";1;"t/r";"";
2200000;"POMORSKIE";"gazowe";"2014";0;"t/r";"";
2200000;"POMORSKIE";"gazowe";"2015";0;"t/r";"";
2200000;"POMORSKIE";"gazowe";"2016";6374;"t/r";"";
2200000;"POMORSKIE";"gazowe";"2017";0;"t/r";"";
2200000;"POMORSKIE";"gazowe";"2018";0;"t/r";"";
2200000;"POMORSKIE";"gazowe";"2019";50;"t/r";"";
2200000;"POMORSKIE";"gazowe";"2020";0;"t/r";"";
2200000;"POMORSKIE";"gazowe";"2021";1;"t/r";"";
2200000;"POMORSKIE";"gazowe";"2022";866;"t/r";"";
2200000;"POMORSKIE";"gazowe";"2023";;"t/r";"n";
2400000;"ŚLĄSKIE";"pyłowe";"2000";4268;"t/r";"";
2400000;"ŚLĄSKIE";"pyłowe";"2001";6758;"t/r";"";
2400000;"ŚLĄSKIE";"pyłowe";"2002";9994;"t/r";"";
2400000;"ŚLĄSKIE";"pyłowe";"2003";0;"t/r";"";
2400000;"ŚLĄSKIE";"pyłowe";"2004";7646;"t/r";"";
2400000;"ŚLĄSKIE";"pyłowe";"2005";255;"t/r";"";
2400000;"ŚLĄSKIE";"pyłowe";"2006";36815;"t/r";"";
2400000;"ŚLĄSKIE";"pyłowe";"2007";1177;"t/r";"";
2400000;"ŚLĄSKIE";"pyłowe";"2008";3571;"t/r";"";
2400000;"ŚLĄSKIE";"pyłowe";"2009";66;"t/r";"";
2400000;"ŚLĄSKIE";"pyłowe";"2010";53;"t/r";"";
2400000;"ŚLĄSKIE";"pyłowe";"2011";1546;"t/r";"";
2400000;"ŚLĄSKIE";"pyłowe";"2012";1506;"t/r";"";
2400000;"ŚLĄSKIE";"pyłowe";"2013";138;"t/r";"";
2400000;"ŚLĄSKIE";"pyłowe";"2014";460;"t/r";"";
2400000;"ŚLĄSKIE";"pyłowe";"2015";311;"t/r";"";
2400000;"ŚLĄSKIE";"pyłowe";"2016";1756;"t/r";"";
2400000;"ŚLĄSKIE";"pyłowe";"2017";76072;"t/r";"";
2400000;"ŚLĄSKIE";"pyłowe";"2018";629;"t/r";"";
2400000;"ŚLĄSKIE";"pyłowe";"2019";22;"t/r";"";
2400000;"ŚLĄSKIE";"pyłowe";"2020";2717;"t/r";"";
2400000;"ŚLĄSKIE";"pyłowe";"2021";70;"t/r";"";
2400000;"ŚLĄSKIE";"pyłowe";"2022";3547;"t/r";"";
2400000;"ŚLĄSKIE";"pyłowe";"2023";;"t/r";"n";
2400000;"ŚLĄSKIE";"gazowe";"2000";30514;"t/r";"";
2400000;"ŚLĄSKIE";"gazowe";"2001";33980;"t/r";"";
2400000;"ŚLĄSKIE";"gazowe";"2002";0;"t/r";"";
2400000;"ŚLĄSKIE";"gazowe";"2003";3;"t/r";"";
2400000;"ŚLĄSKIE";"gazowe";"2004";3;"t/r";"";
2400000;"ŚLĄSKIE";"gazowe";"2005";18;"t/r";"";
2400000;"ŚLĄSKIE";"gazowe";"2006";0;"t/r";"";
2400000;"ŚLĄSKIE";"gazowe";"2007";67;"t/r";"";
2400000;"ŚLĄSKIE";"gazowe";"2008";38295;"t/r";"";
2400000;"ŚLĄSKIE";"gazowe";"2009";71;"t/r";"";
2400000;"ŚLĄSKIE";"gazowe";"2010";66;"t/r";"";
2400000;"ŚLĄSKIE";"gazowe";"2011";13414;"t/r";"";
2400000;"ŚLĄSKIE";"gazowe";"2012";1688;"t/r";"";
2400000;"ŚLĄSKIE";"gazowe";"2013";568;"t/r";"";
2400000;"ŚLĄSKIE";"gazowe";"2014";827;"t/r";"";
2400000;"ŚLĄSKIE";"gazowe";"2015";1652;"t/r";"";
2400000;"ŚLĄSKIE";"gazowe";"2016";24076;"t/r";"";
2400000;"ŚLĄSKIE";"gazowe";"2017";2187;"t/r";"";
2400000;"ŚLĄSKIE";"gazowe";"2018";8767;"t/r";"";
2400000;"ŚLĄSKIE";"gazowe";"2019";17007;"t/r";"";
2400000;"ŚLĄSKIE";"gazowe";"2020";75952;"t/r";"";
2400000;"ŚLĄSKIE";"gazowe";"2021";30151;"t/r";"";
2400000;"ŚLĄSKIE";"gazowe";"2022";4770;"t/r";"";
2400000;"ŚLĄSKIE";"gazowe";"2023";;"t/r";"n";
2600000;"ŚWIĘTOKRZYSKIE";"pyłowe";"2000";889;"t/r";"";
2600000;"ŚWIĘTOKRZYSKIE";"pyłowe";"2001";6000;"t/r";"";
2600000;"ŚWIĘTOKRZYSKIE";"pyłowe";"2002";3986;"t/r";"";
2600000;"ŚWIĘTOKRZYSKIE";"pyłowe";"2003";44;"t/r";"";
2600000;"ŚWIĘTOKRZYSKIE";"pyłowe";"2004";239;"t/r";"";
2600000;"ŚWIĘTOKRZYSKIE";"pyłowe";"2005";406;"t/r";"";
2600000;"ŚWIĘTOKRZYSKIE";"pyłowe";"2006";17;"t/r";"";
2600000;"ŚWIĘTOKRZYSKIE";"pyłowe";"2007";350;"t/r";"";
2600000;"ŚWIĘTOKRZYSKIE";"pyłowe";"2008";2770;"t/r";"";
2600000;"ŚWIĘTOKRZYSKIE";"pyłowe";"2009";100;"t/r";"";
2600000;"ŚWIĘTOKRZYSKIE";"pyłowe";"2010";0;"t/r";"";
2600000;"ŚWIĘTOKRZYSKIE";"pyłowe";"2011";7;"t/r";"";
2600000;"ŚWIĘTOKRZYSKIE";"pyłowe";"2012";600;"t/r";"";
2600000;"ŚWIĘTOKRZYSKIE";"pyłowe";"2013";2065;"t/r";"";
2600000;"ŚWIĘTOKRZYSKIE";"pyłowe";"2014";10442;"t/r";"";
2600000;"ŚWIĘTOKRZYSKIE";"pyłowe";"2015";9272;"t/r";"";
2600000;"ŚWIĘTOKRZYSKIE";"pyłowe";"2016";38;"t/r";"";
2600000;"ŚWIĘTOKRZYSKIE";"pyłowe";"2017";2389;"t/r";"";
2600000;"ŚWIĘTOKRZYSKIE";"pyłowe";"2018";1;"t/r";"";
2600000;"ŚWIĘTOKRZYSKIE";"pyłowe";"2019";11512;"t/r";"";
2600000;"ŚWIĘTOKRZYSKIE";"pyłowe";"2020";1392;"t/r";"";
2600000;"ŚWIĘTOKRZYSKIE";"pyłowe";"2021";1690;"t/r";"";
2600000;"ŚWIĘTOKRZYSKIE";"pyłowe";"2022";21;"t/r";"";
2600000;"ŚWIĘTOKRZYSKIE";"pyłowe";"2023";;"t/r";"n";
2600000;"ŚWIĘTOKRZYSKIE";"gazowe";"2000";11;"t/r";"";
2600000;"ŚWIĘTOKRZYSKIE";"gazowe";"2001";0;"t/r";"";
2600000;"ŚWIĘTOKRZYSKIE";"gazowe";"2002";0;"t/r";"";
2600000;"ŚWIĘTOKRZYSKIE";"gazowe";"2003";0;"t/r";"";
2600000;"ŚWIĘTOKRZYSKIE";"gazowe";"2004";240;"t/r";"";
2600000;"ŚWIĘTOKRZYSKIE";"gazowe";"2005";401;"t/r";"";
2600000;"ŚWIĘTOKRZYSKIE";"gazowe";"2006";195;"t/r";"";
2600000;"ŚWIĘTOKRZYSKIE";"gazowe";"2007";0;"t/r";"";
2600000;"ŚWIĘTOKRZYSKIE";"gazowe";"2008";0;"t/r";"";
2600000;"ŚWIĘTOKRZYSKIE";"gazowe";"2009";0;"t/r";"";
2600000;"ŚWIĘTOKRZYSKIE";"gazowe";"2010";0;"t/r";"";
2600000;"ŚWIĘTOKRZYSKIE";"gazowe";"2011";39;"t/r";"";
2600000;"ŚWIĘTOKRZYSKIE";"gazowe";"2012";0;"t/r";"";
2600000;"ŚWIĘTOKRZYSKIE";"gazowe";"2013";750;"t/r";"";
2600000;"ŚWIĘTOKRZYSKIE";"gazowe";"2014";1185;"t/r";"";
2600000;"ŚWIĘTOKRZYSKIE";"gazowe";"2015";0;"t/r";"";
2600000;"ŚWIĘTOKRZYSKIE";"gazowe";"2016";84;"t/r";"";
2600000;"ŚWIĘTOKRZYSKIE";"gazowe";"2017";5600;"t/r";"";
2600000;"ŚWIĘTOKRZYSKIE";"gazowe";"2018";0;"t/r";"";
2600000;"ŚWIĘTOKRZYSKIE";"gazowe";"2019";0;"t/r";"";
2600000;"ŚWIĘTOKRZYSKIE";"gazowe";"2020";398;"t/r";"";
2600000;"ŚWIĘTOKRZYSKIE";"gazowe";"2021";976;"t/r";"";
2600000;"ŚWIĘTOKRZYSKIE";"gazowe";"2022";5960;"t/r";"";
2600000;"ŚWIĘTOKRZYSKIE";"gazowe";"2023";;"t/r";"n";
2800000;"WARMIŃSKO-MAZURSKIE";"pyłowe";"2000";4673;"t/r";"";
2800000;"WARMIŃSKO-MAZURSKIE";"pyłowe";"2001";3249;"t/r";"";
2800000;"WARMIŃSKO-MAZURSKIE";"pyłowe";"2002";309;"t/r";"";
2800000;"WARMIŃSKO-MAZURSKIE";"pyłowe";"2003";51;"t/r";"";
2800000;"WARMIŃSKO-MAZURSKIE";"pyłowe";"2004";618;"t/r";"";
2800000;"WARMIŃSKO-MAZURSKIE";"pyłowe";"2005";196;"t/r";"";
2800000;"WARMIŃSKO-MAZURSKIE";"pyłowe";"2006";58;"t/r";"";
2800000;"WARMIŃSKO-MAZURSKIE";"pyłowe";"2007";13;"t/r";"";
2800000;"WARMIŃSKO-MAZURSKIE";"pyłowe";"2008";130;"t/r";"";
2800000;"WARMIŃSKO-MAZURSKIE";"pyłowe";"2009";0;"t/r";"";
2800000;"WARMIŃSKO-MAZURSKIE";"pyłowe";"2010";0;"t/r";"";
2800000;"WARMIŃSKO-MAZURSKIE";"pyłowe";"2011";0;"t/r";"";
2800000;"WARMIŃSKO-MAZURSKIE";"pyłowe";"2012";0;"t/r";"";
2800000;"WARMIŃSKO-MAZURSKIE";"pyłowe";"2013";65;"t/r";"";
2800000;"WARMIŃSKO-MAZURSKIE";"pyłowe";"2014";672;"t/r";"";
2800000;"WARMIŃSKO-MAZURSKIE";"pyłowe";"2015";5607;"t/r";"";
2800000;"WARMIŃSKO-MAZURSKIE";"pyłowe";"2016";123;"t/r";"";
2800000;"WARMIŃSKO-MAZURSKIE";"pyłowe";"2017";15;"t/r";"";
2800000;"WARMIŃSKO-MAZURSKIE";"pyłowe";"2018";25;"t/r";"";
2800000;"WARMIŃSKO-MAZURSKIE";"pyłowe";"2019";0;"t/r";"";
2800000;"WARMIŃSKO-MAZURSKIE";"pyłowe";"2020";500;"t/r";"";
2800000;"WARMIŃSKO-MAZURSKIE";"pyłowe";"2021";555;"t/r";"";
2800000;"WARMIŃSKO-MAZURSKIE";"pyłowe";"2022";0;"t/r";"";
2800000;"WARMIŃSKO-MAZURSKIE";"pyłowe";"2023";;"t/r";"n";
2800000;"WARMIŃSKO-MAZURSKIE";"gazowe";"2000";6112;"t/r";"";
2800000;"WARMIŃSKO-MAZURSKIE";"gazowe";"2001";1065;"t/r";"";
2800000;"WARMIŃSKO-MAZURSKIE";"gazowe";"2002";0;"t/r";"";
2800000;"WARMIŃSKO-MAZURSKIE";"gazowe";"2003";1;"t/r";"";
2800000;"WARMIŃSKO-MAZURSKIE";"gazowe";"2004";18;"t/r";"";
2800000;"WARMIŃSKO-MAZURSKIE";"gazowe";"2005";37;"t/r";"";
2800000;"WARMIŃSKO-MAZURSKIE";"gazowe";"2006";1;"t/r";"";
2800000;"WARMIŃSKO-MAZURSKIE";"gazowe";"2007";200;"t/r";"";
2800000;"WARMIŃSKO-MAZURSKIE";"gazowe";"2008";49;"t/r";"";
2800000;"WARMIŃSKO-MAZURSKIE";"gazowe";"2009";46;"t/r";"";
2800000;"WARMIŃSKO-MAZURSKIE";"gazowe";"2010";0;"t/r";"";
2800000;"WARMIŃSKO-MAZURSKIE";"gazowe";"2011";0;"t/r";"";
2800000;"WARMIŃSKO-MAZURSKIE";"gazowe";"2012";0;"t/r";"";
2800000;"WARMIŃSKO-MAZURSKIE";"gazowe";"2013";0;"t/r";"";
2800000;"WARMIŃSKO-MAZURSKIE";"gazowe";"2014";0;"t/r";"";
2800000;"WARMIŃSKO-MAZURSKIE";"gazowe";"2015";0;"t/r";"";
2800000;"WARMIŃSKO-MAZURSKIE";"gazowe";"2016";0;"t/r";"";
2800000;"WARMIŃSKO-MAZURSKIE";"gazowe";"2017";0;"t/r";"";
2800000;"WARMIŃSKO-MAZURSKIE";"gazowe";"2018";17;"t/r";"";
2800000;"WARMIŃSKO-MAZURSKIE";"gazowe";"2019";16;"t/r";"";
2800000;"WARMIŃSKO-MAZURSKIE";"gazowe";"2020";0;"t/r";"";
2800000;"WARMIŃSKO-MAZURSKIE";"gazowe";"2021";0;"t/r";"";
2800000;"WARMIŃSKO-MAZURSKIE";"gazowe";"2022";0;"t/r";"";
2800000;"WARMIŃSKO-MAZURSKIE";"gazowe";"2023";;"t/r";"n";
3000000;"WIELKOPOLSKIE";"pyłowe";"2000";23028;"t/r";"";
3000000;"WIELKOPOLSKIE";"pyłowe";"2001";23293;"t/r";"";
3000000;"WIELKOPOLSKIE";"pyłowe";"2002";72;"t/r";"";
3000000;"WIELKOPOLSKIE";"pyłowe";"2003";96;"t/r";"";
3000000;"WIELKOPOLSKIE";"pyłowe";"2004";83;"t/r";"";
3000000;"WIELKOPOLSKIE";"pyłowe";"2005";185;"t/r";"";
3000000;"WIELKOPOLSKIE";"pyłowe";"2006";636;"t/r";"";
3000000;"WIELKOPOLSKIE";"pyłowe";"2007";319;"t/r";"";
3000000;"WIELKOPOLSKIE";"pyłowe";"2008";81;"t/r";"";
3000000;"WIELKOPOLSKIE";"pyłowe";"2009";195;"t/r";"";
3000000;"WIELKOPOLSKIE";"pyłowe";"2010";69;"t/r";"";
3000000;"WIELKOPOLSKIE";"pyłowe";"2011";13547;"t/r";"";
3000000;"WIELKOPOLSKIE";"pyłowe";"2012";421;"t/r";"";
3000000;"WIELKOPOLSKIE";"pyłowe";"2013";1087;"t/r";"";
3000000;"WIELKOPOLSKIE";"pyłowe";"2014";657;"t/r";"";
3000000;"WIELKOPOLSKIE";"pyłowe";"2015";15505;"t/r";"";
3000000;"WIELKOPOLSKIE";"pyłowe";"2016";42467;"t/r";"";
3000000;"WIELKOPOLSKIE";"pyłowe";"2017";2160;"t/r";"";
3000000;"WIELKOPOLSKIE";"pyłowe";"2018";782;"t/r";"";
3000000;"WIELKOPOLSKIE";"pyłowe";"2019";69;"t/r";"";
3000000;"WIELKOPOLSKIE";"pyłowe";"2020";1;"t/r";"";
3000000;"WIELKOPOLSKIE";"pyłowe";"2021";5;"t/r";"";
3000000;"WIELKOPOLSKIE";"pyłowe";"2022";31938;"t/r";"";
3000000;"WIELKOPOLSKIE";"pyłowe";"2023";;"t/r";"n";
3000000;"WIELKOPOLSKIE";"gazowe";"2000";1705;"t/r";"";
3000000;"WIELKOPOLSKIE";"gazowe";"2001";2058;"t/r";"";
3000000;"WIELKOPOLSKIE";"gazowe";"2002";491;"t/r";"";
3000000;"WIELKOPOLSKIE";"gazowe";"2003";47;"t/r";"";
3000000;"WIELKOPOLSKIE";"gazowe";"2004";90;"t/r";"";
3000000;"WIELKOPOLSKIE";"gazowe";"2005";97;"t/r";"";
3000000;"WIELKOPOLSKIE";"gazowe";"2006";16617;"t/r";"";
3000000;"WIELKOPOLSKIE";"gazowe";"2007";0;"t/r";"";
3000000;"WIELKOPOLSKIE";"gazowe";"2008";8996;"t/r";"";
3000000;"WIELKOPOLSKIE";"gazowe";"2009";766;"t/r";"";
3000000;"WIELKOPOLSKIE";"gazowe";"2010";0;"t/r";"";
3000000;"WIELKOPOLSKIE";"gazowe";"2011";1082;"t/r";"";
3000000;"WIELKOPOLSKIE";"gazowe";"2012";2;"t/r";"";
3000000;"WIELKOPOLSKIE";"gazowe";"2013";672;"t/r";"";
3000000;"WIELKOPOLSKIE";"gazowe";"2014";0;"t/r";"";
3000000;"WIELKOPOLSKIE";"gazowe";"2015";8252;"t/r";"";
3000000;"WIELKOPOLSKIE";"gazowe";"2016";0;"t/r";"";
3000000;"WIELKOPOLSKIE";"gazowe";"2017";0;"t/r";"";
3000000;"WIELKOPOLSKIE";"gazowe";"2018";0;"t/r";"";
3000000;"WIELKOPOLSKIE";"gazowe";"2019";0;"t/r";"";
3000000;"WIELKOPOLSKIE";"gazowe";"2020";0;"t/r";"";
3000000;"WIELKOPOLSKIE";"gazowe";"2021";0;"t/r";"";
3000000;"WIELKOPOLSKIE";"gazowe";"2022";0;"t/r";"";
3000000;"WIELKOPOLSKIE";"gazowe";"2023";;"t/r";"n";
3200000;"ZACHODNIOPOMORSKIE";"pyłowe";"2000";701;"t/r";"";
3200000;"ZACHODNIOPOMORSKIE";"pyłowe";"2001";254;"t/r";"";
3200000;"ZACHODNIOPOMORSKIE";"pyłowe";"2002";13;"t/r";"";
3200000;"ZACHODNIOPOMORSKIE";"pyłowe";"2003";0;"t/r";"";
3200000;"ZACHODNIOPOMORSKIE";"pyłowe";"2004";268;"t/r";"";
3200000;"ZACHODNIOPOMORSKIE";"pyłowe";"2005";387;"t/r";"";
3200000;"ZACHODNIOPOMORSKIE";"pyłowe";"2006";405;"t/r";"";
3200000;"ZACHODNIOPOMORSKIE";"pyłowe";"2007";0;"t/r";"";
3200000;"ZACHODNIOPOMORSKIE";"pyłowe";"2008";4930;"t/r";"";
3200000;"ZACHODNIOPOMORSKIE";"pyłowe";"2009";84;"t/r";"";
3200000;"ZACHODNIOPOMORSKIE";"pyłowe";"2010";52;"t/r";"";
3200000;"ZACHODNIOPOMORSKIE";"pyłowe";"2011";25;"t/r";"";
3200000;"ZACHODNIOPOMORSKIE";"pyłowe";"2012";166;"t/r";"";
3200000;"ZACHODNIOPOMORSKIE";"pyłowe";"2013";21;"t/r";"";
3200000;"ZACHODNIOPOMORSKIE";"pyłowe";"2014";277;"t/r";"";
3200000;"ZACHODNIOPOMORSKIE";"pyłowe";"2015";92;"t/r";"";
3200000;"ZACHODNIOPOMORSKIE";"pyłowe";"2016";62;"t/r";"";
3200000;"ZACHODNIOPOMORSKIE";"pyłowe";"2017";7;"t/r";"";
3200000;"ZACHODNIOPOMORSKIE";"pyłowe";"2018";1077;"t/r";"";
3200000;"ZACHODNIOPOMORSKIE";"pyłowe";"2019";234;"t/r";"";
3200000;"ZACHODNIOPOMORSKIE";"pyłowe";"2020";109;"t/r";"";
3200000;"ZACHODNIOPOMORSKIE";"pyłowe";"2021";124;"t/r";"";
3200000;"ZACHODNIOPOMORSKIE";"pyłowe";"2022";77;"t/r";"";
3200000;"ZACHODNIOPOMORSKIE";"pyłowe";"2023";;"t/r";"n";
3200000;"ZACHODNIOPOMORSKIE";"gazowe";"2000";14977;"t/r";"";
3200000;"ZACHODNIOPOMORSKIE";"gazowe";"2001";475;"t/r";"";
3200000;"ZACHODNIOPOMORSKIE";"gazowe";"2002";5;"t/r";"";
3200000;"ZACHODNIOPOMORSKIE";"gazowe";"2003";2456;"t/r";"";
3200000;"ZACHODNIOPOMORSKIE";"gazowe";"2004";0;"t/r";"";
3200000;"ZACHODNIOPOMORSKIE";"gazowe";"2005";2256;"t/r";"";
3200000;"ZACHODNIOPOMORSKIE";"gazowe";"2006";400;"t/r";"";
3200000;"ZACHODNIOPOMORSKIE";"gazowe";"2007";3300;"t/r";"";
3200000;"ZACHODNIOPOMORSKIE";"gazowe";"2008";7151;"t/r";"";
3200000;"ZACHODNIOPOMORSKIE";"gazowe";"2009";0;"t/r";"";
3200000;"ZACHODNIOPOMORSKIE";"gazowe";"2010";0;"t/r";"";
3200000;"ZACHODNIOPOMORSKIE";"gazowe";"2011";0;"t/r";"";
3200000;"ZACHODNIOPOMORSKIE";"gazowe";"2012";19840;"t/r";"";
3200000;"ZACHODNIOPOMORSKIE";"gazowe";"2013";9;"t/r";"";
3200000;"ZACHODNIOPOMORSKIE";"gazowe";"2014";0;"t/r";"";
3200000;"ZACHODNIOPOMORSKIE";"gazowe";"2015";2043;"t/r";"";
3200000;"ZACHODNIOPOMORSKIE";"gazowe";"2016";128;"t/r";"";
3200000;"ZACHODNIOPOMORSKIE";"gazowe";"2017";0;"t/r";"";
3200000;"ZACHODNIOPOMORSKIE";"gazowe";"2018";2024;"t/r";"";
3200000;"ZACHODNIOPOMORSKIE";"gazowe";"2019";771;"t/r";"";
3200000;"ZACHODNIOPOMORSKIE";"gazowe";"2020";1818;"t/r";"";
3200000;"ZACHODNIOPOMORSKIE";"gazowe";"2021";1508;"t/r";"";
3200000;"ZACHODNIOPOMORSKIE";"gazowe";"2022";0;"t/r";"";
3200000;"ZACHODNIOPOMORSKIE";"gazowe";"2023";;"t/r";"n";
